{"cameraMode":{"drawMode":0,"name":"Shaded","section":"Shading Mode"},"sceneLighting":false,"audioPlay":false,"sceneViewState":{"showFog":true,"showMaterialUpdate":false,"showSkybox":false,"showFlares":true,"showImageEffects":true,"showParticleSystems":true},"in2DMode":false,"pivot":{"x":-1.7728261947631837,"y":2.3558859825134279,"z":-1.8187541961669922},"rotation":{"x":-0.0014875223860144616,"y":-0.9892404079437256,"z":0.009190102107822895,"w":-0.1464097946882248},"size":8.385605812072754,"orthographic":false}