{"cameraMode":{"drawMode":0,"name":"Shaded","section":"Shading Mode"},"sceneLighting":false,"audioPlay":false,"sceneViewState":{"showFog":true,"showMaterialUpdate":false,"showSkybox":true,"showFlares":true,"showImageEffects":true,"showParticleSystems":true},"in2DMode":false,"pivot":{"x":-7.937589168548584,"y":0.9375027418136597,"z":0.008596341125667096},"rotation":{"x":0.02153332531452179,"y":0.8337039351463318,"z":-0.036485858261585239,"w":0.5511825680732727},"size":0.8685898184776306,"orthographic":false}