{"cameraMode":{"drawMode":0,"name":"Shaded","section":"Shading Mode"},"sceneLighting":false,"audioPlay":false,"sceneViewState":{"showFog":true,"showMaterialUpdate":false,"showSkybox":true,"showFlares":true,"showImageEffects":true,"showParticleSystems":true},"in2DMode":false,"pivot":{"x":-2.1837024688720705,"y":-6.289688587188721,"z":-12.108819961547852},"rotation":{"x":0.18288710713386537,"y":0.5114755034446716,"z":-0.1118260994553566,"w":0.8323643207550049},"size":10.347587585449219,"orthographic":false}