{"cameraMode":{"drawMode":0,"name":"Shaded","section":"Shading Mode"},"sceneLighting":false,"audioPlay":false,"sceneViewState":{"showFog":true,"showMaterialUpdate":false,"showSkybox":false,"showFlares":true,"showImageEffects":true,"showParticleSystems":true},"in2DMode":false,"pivot":{"x":0.4194866418838501,"y":0.15296924114227296,"z":0.5015385150909424},"rotation":{"x":0.026371555402874948,"y":0.9382743239402771,"z":-0.07332707196474076,"w":0.33717507123947146},"size":1.3499999046325684,"orthographic":false}